CustomerID,CustomerName,IndustryType,Region,CompanySize,AccountSince,FleetSize,CustomerType,Contact
1,Martinez-Sanchez,Agriculture,West,Medium,2022-01-15,15,Individual,5056957751
2,"Ali, Russo and Schultz",Transport,East,Small,2016-05-26,80,Individual,613.389.6881
3,Mills LLC,Logistics,North,Medium,2017-12-05,14,Corporate,987-647-9965x463
4,Owens Group,Agriculture,West,Large,2022-09-16,11,Individual,345-572-4036
5,"Oconnor, Madden and Mccarthy",Logistics,East,Small,2023-01-16,43,Corporate,001-741-316-3125x495
6,Valenzuela-Chan,Transport,North,Large,2022-06-15,66,Corporate,(785)432-1558
7,Williams and Sons,Logistics,East,Large,2020-01-20,83,Corporate,(344)448-6805x90666
8,Wilkinson-Brown,Construction,North,Small,2020-01-17,33,Corporate,6906738085
9,"Carroll, Edwards and Sparks",Construction,South,Large,2016-10-31,10,Corporate,399-946-1338x7655
10,"French, Smith and Clark",Agriculture,West,Large,2021-12-14,98,Individual,5079161693
11,Hoffman-Lowe,Logistics,East,Small,2021-10-01,57,Corporate,001-512-767-4903x2878
12,"Reeves, Nelson and Wade",Agriculture,West,Large,2020-05-04,39,Individual,(572)962-0936x7795
13,Franco-Hunter,Transport,East,Large,2022-07-19,10,Individual,758.344.1628
14,Walker LLC,Agriculture,West,Small,2021-05-19,8,Individual,+1-322-773-1339
15,Howell-King,Logistics,North,Large,2017-07-08,12,Individual,893-940-6700
16,Wilson-Butler,Agriculture,North,Medium,2023-07-22,74,Corporate,394.708.2033
17,Bell Group,Logistics,West,Large,2020-10-31,20,Corporate,868.229.2595
18,Bowen PLC,Agriculture,North,Medium,2019-02-26,92,Corporate,001-208-231-0773x623
19,"Young, Smith and Ramos",Construction,North,Small,2016-09-19,91,Individual,623-338-8602x11478
20,"Shelton, Gregory and Torres",Agriculture,South,Medium,2022-10-01,48,Individual,270.688.1396x499
21,Stark-Clark,Agriculture,West,Medium,2024-04-08,87,Corporate,919-751-9178
22,Johnson-Fleming,Logistics,North,Medium,2016-03-21,13,Individual,+1-813-581-9950x153
23,Kramer-Buchanan,Logistics,East,Large,2018-10-13,85,Corporate,(901)832-2530
24,Taylor-Wilkinson,Logistics,North,Large,2024-03-17,85,Corporate,7166536287
25,"Dunn, Haley and Colon",Logistics,East,Large,2019-10-15,90,Individual,001-492-781-5814
26,Mcclain Group,Construction,North,Medium,2023-10-25,72,Individual,898.284.7376x4499
27,Smith PLC,Logistics,South,Large,2018-04-18,90,Corporate,432.415.8482
28,"Freeman, Stephens and Brown",Agriculture,East,Small,2019-09-12,47,Individual,657.468.1558x388
29,"Allison, Davis and Bell",Construction,South,Medium,2019-07-28,99,Individual,5968413406
30,Davis-Pena,Construction,South,Small,2022-11-02,20,Corporate,(809)495-6353
31,Gutierrez and Sons,Logistics,North,Large,2017-03-26,99,Corporate,382-444-9650
32,Carson PLC,Logistics,South,Large,2019-04-26,49,Corporate,616-320-6500
33,"Price, Williams and Meyers",Construction,South,Large,2018-09-15,99,Corporate,421.893.7675
34,Dudley Group,Agriculture,North,Medium,2020-04-14,47,Corporate,708-821-7234
35,Fletcher Ltd,Agriculture,East,Large,2016-12-18,58,Corporate,4886031244
36,Long LLC,Construction,East,Medium,2019-03-31,25,Individual,873.711.5285x9346
37,"Cook, Mack and Webb",Agriculture,West,Medium,2022-04-18,100,Individual,(239)814-0418
38,Watson PLC,Agriculture,South,Small,2020-10-19,78,Corporate,001-902-428-9229x06238
39,Thornton Group,Logistics,North,Large,2015-10-08,62,Individual,666-839-7780
40,Scott-Martinez,Transport,North,Medium,2015-10-07,11,Corporate,865-417-7990x98819
41,"Howard, Chavez and Rodriguez",Logistics,West,Large,2020-01-26,19,Individual,(413)479-0729x211
42,"Pham, Townsend and Robinson",Transport,South,Medium,2017-10-02,45,Corporate,827.383.8696x2002
43,"Gomez, Turner and Mcbride",Agriculture,North,Medium,2021-01-29,65,Individual,690-201-2149
44,"Rodriguez, Garcia and Coleman",Construction,West,Small,2018-12-11,48,Corporate,+1-774-824-3365x538
45,Vaughan PLC,Transport,East,Small,2020-08-07,92,Individual,(404)760-1388x748
46,Schmidt-Green,Construction,South,Small,2022-12-05,37,Individual,+1-848-437-4179x098
47,"Turner, Smith and Marks",Construction,West,Medium,2020-03-27,79,Corporate,+1-280-313-2532x439
48,"Harper, Green and Murray",Transport,North,Medium,2022-05-04,28,Corporate,719-808-3006
49,Gonzalez-Berry,Agriculture,North,Medium,2016-07-22,31,Individual,682.527.7687
50,Davis-Sutton,Transport,North,Small,2017-04-07,54,Individual,001-406-772-5064x725
51,Smith Group,Transport,North,Medium,2022-06-14,77,Corporate,001-989-845-2500x94568
52,"Waters, Padilla and Garner",Construction,South,Medium,2022-11-04,55,Corporate,524-906-5670
53,Moyer Ltd,Logistics,South,Large,2018-07-08,54,Corporate,9542060896
54,Martinez LLC,Transport,East,Small,2023-01-18,68,Corporate,346.653.9688x855
55,Vega and Sons,Agriculture,West,Small,2022-11-18,82,Individual,001-797-979-9229x414
56,Johnson-Benson,Logistics,East,Large,2023-06-21,3,Individual,652.562.5018x7082
57,Johnson-Schmidt,Transport,East,Small,2017-02-08,94,Corporate,001-200-486-2397x685
58,Rangel-Davis,Logistics,South,Small,2020-12-18,46,Individual,+1-213-784-6594x8415
59,Wade and Sons,Construction,West,Large,2021-07-23,62,Corporate,001-379-925-7448x92545
60,Payne-Crawford,Construction,North,Large,2017-12-11,100,Individual,514-599-7236x022
61,"Campbell, Perez and Hatfield",Transport,East,Small,2018-04-09,6,Corporate,804.562.1831x34462
62,Green-Barber,Transport,East,Medium,2019-08-08,66,Individual,+1-524-492-8575x4640
63,Young-Miller,Agriculture,East,Small,2019-03-21,97,Corporate,570.343.7603
64,"Taylor, Ruiz and Ortiz",Logistics,East,Small,2018-09-22,84,Individual,567-911-6497
65,Hood and Sons,Logistics,North,Medium,2024-01-09,56,Individual,001-673-333-1034x823
66,Burke-Nelson,Agriculture,West,Medium,2017-07-05,24,Individual,638-992-6882x166
67,Gray and Sons,Agriculture,East,Large,2023-09-14,35,Corporate,207-232-8237x9142
68,Acevedo-Miller,Agriculture,North,Medium,2021-03-09,78,Corporate,+1-265-602-1227x692
69,"Barker, Mccullough and Singh",Logistics,East,Small,2020-05-31,11,Individual,+1-549-802-0936x4902
70,Graham-Harper,Logistics,East,Medium,2017-08-25,78,Individual,(898)808-3376x7472
71,Shannon-Hughes,Construction,West,Medium,2020-05-27,58,Corporate,001-894-479-0317
72,Fox and Sons,Logistics,West,Medium,2023-11-08,82,Corporate,2937841435
73,Thompson-Mcdowell,Transport,West,Medium,2020-09-22,66,Corporate,001-283-740-3349x4574
74,"Skinner, Molina and Kidd",Transport,South,Large,2017-07-28,87,Individual,4625061119
75,"Sellers, Mason and Warner",Transport,South,Small,2022-10-06,31,Individual,001-376-331-8326x3466
76,"Young, May and Melton",Logistics,West,Large,2024-08-18,5,Corporate,589.209.7452x796
77,Benson PLC,Agriculture,East,Medium,2017-03-22,57,Corporate,367.519.2061
78,Bright Inc,Construction,East,Medium,2024-08-05,41,Individual,+1-430-657-6949x65365
79,Spencer-Rodriguez,Construction,North,Small,2021-12-15,95,Corporate,(656)744-7588x995
80,Brown-Gibbs,Agriculture,West,Large,2022-09-23,16,Individual,(763)364-6083x474
81,Torres and Sons,Logistics,West,Small,2018-08-18,79,Individual,346.709.9856
82,Gutierrez LLC,Agriculture,South,Small,2017-02-28,18,Corporate,001-227-693-5725x527
83,"Finley, Pope and Davis",Agriculture,South,Large,2024-07-17,57,Corporate,6667946458
84,Smith-Harris,Logistics,East,Large,2018-11-25,9,Individual,997-413-6396
85,"Bowen, Williams and Guzman",Logistics,South,Large,2018-06-22,91,Corporate,676.565.8161
86,Hayes LLC,Logistics,South,Small,2017-08-22,26,Corporate,(781)290-1680x14053
87,Mcdonald-Torres,Construction,West,Small,2017-10-02,47,Individual,702-957-9478
88,Williamson-Smith,Agriculture,South,Large,2018-08-31,12,Corporate,+1-418-374-4369x6465
89,"Walker, Sellers and Hernandez",Logistics,West,Large,2016-08-26,93,Individual,8199467802
90,Ortiz-Miller,Agriculture,West,Large,2015-11-08,10,Corporate,742.387.2983x774
91,Smith-Holmes,Logistics,North,Medium,2020-10-04,60,Individual,(509)477-7516x0012
92,"Brown, Knapp and Harris",Construction,South,Small,2017-07-16,56,Corporate,6933561933
93,"Gutierrez, Blake and Jones",Transport,South,Medium,2018-07-29,22,Corporate,816.208.9856x63068
94,Becker-Sanders,Logistics,South,Medium,2024-08-24,67,Individual,001-931-281-3192x65524
95,"Richardson, Bender and Meyer",Transport,East,Small,2018-08-20,82,Individual,346.902.4694x6483
96,Lynn Ltd,Construction,East,Large,2020-01-10,69,Corporate,2789946164
97,Harrington-Adams,Construction,South,Small,2021-05-16,85,Individual,389.666.7967x590
98,"Fletcher, Mason and Hinton",Transport,North,Small,2018-02-02,6,Individual,818.997.5770x29881
99,Smith-Ferguson,Construction,West,Large,2019-11-12,82,Corporate,(391)462-4007
100,Park-Meyers,Agriculture,East,Large,2016-07-13,39,Individual,001-878-946-8628
