TruckID,ModelName,TruckType,EngineType,FuelType,LaunchDate,BasePrice,Color,CapacityTons,Plant,WarrantyMonths
1,Truck-1,Light,Diesel,Diesel,2021-01-06,124155.05,Blue,12,Plant A,48
2,Truck-2,Heavy,Hybrid,Electric,2021-07-05,139217.96,Red,23,Plant B,24
3,Truck-3,Heavy,Diesel,Diesel,2021-05-30,73266.09,Silver,5,Plant C,24
4,Truck-4,Light,Hybrid,Electric,2024-03-23,104494.15,Blue,19,Plant C,36
5,Truck-5,Heavy,Diesel,Electric,2024-10-18,92261.44,White,9,Plant A,36
6,Truck-6,Heavy,Diesel,Petrol,2025-04-15,59671.64,White,24,Plant B,24
7,Truck-7,Light,Petrol,Electric,2025-09-24,62482.62,Black,7,Plant C,36
8,Truck-8,Light,Hybrid,Petrol,2024-10-21,107735.21,Red,6,Plant C,24
9,Truck-9,Medium,Diesel,Diesel,2022-02-08,136648.37,Black,13,Plant B,48
10,Truck-10,Medium,Diesel,Petrol,2021-09-09,85527.07,White,25,Plant A,48
11,Truck-11,Light,Diesel,Electric,2020-11-26,122912.68,Blue,19,Plant B,36
12,Truck-12,Light,Hybrid,Electric,2023-12-04,71961.52,White,6,Plant A,24
13,Truck-13,Medium,Petrol,Petrol,2021-03-05,56618.86,Silver,15,Plant A,48
14,Truck-14,Medium,Petrol,Electric,2021-08-25,95885.19,White,9,Plant A,48
15,Truck-15,Light,Hybrid,Petrol,2022-06-23,124701.38,Black,23,Plant B,36
16,Truck-16,Heavy,Diesel,Electric,2022-10-29,99351.58,Red,8,Plant A,48
17,Truck-17,Heavy,Hybrid,Petrol,2023-03-23,109640.9,Black,17,Plant C,36
18,Truck-18,Light,Petrol,Electric,2024-03-17,136077.97,Red,8,Plant C,48
19,Truck-19,Medium,Hybrid,Petrol,2022-11-21,61155.22,Black,10,Plant B,24
20,Truck-20,Light,Hybrid,Petrol,2023-09-27,147188.81,Blue,21,Plant A,48
21,Truck-21,Medium,Hybrid,Electric,2022-02-07,110897.02,Blue,16,Plant A,48
22,Truck-22,Light,Diesel,Electric,2021-03-31,82415.61,Red,8,Plant B,36
23,Truck-23,Heavy,Diesel,Diesel,2023-11-12,137800.96,Red,7,Plant C,36
24,Truck-24,Heavy,Hybrid,Diesel,2021-04-23,62839.15,Black,22,Plant A,36
25,Truck-25,Light,Hybrid,Petrol,2024-09-29,146436.29,Silver,11,Plant C,36
26,Truck-26,Medium,Hybrid,Electric,2022-04-12,87342.05,Silver,19,Plant A,24
27,Truck-27,Heavy,Diesel,Petrol,2025-03-09,52103.43,Silver,12,Plant C,24
28,Truck-28,Heavy,Diesel,Electric,2021-08-19,113110.3,Blue,7,Plant A,36
29,Truck-29,Heavy,Hybrid,Diesel,2024-04-10,77847.73,Black,11,Plant C,24
30,Truck-30,Light,Hybrid,Electric,2024-09-20,97267.1,Black,18,Plant A,24
31,Truck-31,Heavy,Hybrid,Petrol,2022-03-02,85429.76,Black,19,Plant C,24
32,Truck-32,Light,Hybrid,Electric,2024-05-01,59841.79,Black,15,Plant A,24
33,Truck-33,Heavy,Diesel,Electric,2021-07-05,94861.35,Black,10,Plant B,36
34,Truck-34,Heavy,Diesel,Petrol,2024-06-08,130802.22,Silver,8,Plant A,48
35,Truck-35,Light,Diesel,Diesel,2021-03-13,142636.7,Blue,10,Plant B,36
36,Truck-36,Medium,Diesel,Petrol,2025-02-15,140244.29,Blue,17,Plant A,36
37,Truck-37,Medium,Petrol,Petrol,2021-04-13,92300.75,Silver,20,Plant A,24
38,Truck-38,Medium,Diesel,Diesel,2023-11-30,107918.03,Silver,6,Plant C,36
39,Truck-39,Heavy,Diesel,Electric,2024-07-07,97678.85,Silver,10,Plant A,48
40,Truck-40,Heavy,Diesel,Diesel,2025-07-08,109503.51,Blue,17,Plant A,48
41,Truck-41,Heavy,Hybrid,Electric,2024-01-17,53974.17,Red,18,Plant C,48
42,Truck-42,Light,Hybrid,Petrol,2021-06-20,143470.63,Blue,15,Plant A,36
43,Truck-43,Medium,Diesel,Electric,2022-06-12,114550.08,Black,15,Plant A,24
44,Truck-44,Medium,Hybrid,Electric,2020-12-11,149609.64,Red,22,Plant A,48
45,Truck-45,Medium,Diesel,Petrol,2022-07-14,138086.42,Blue,16,Plant B,24
46,Truck-46,Medium,Hybrid,Electric,2024-04-10,80251.71,Silver,5,Plant C,48
47,Truck-47,Medium,Hybrid,Diesel,2020-10-18,143893.0,Blue,13,Plant A,24
48,Truck-48,Light,Hybrid,Diesel,2020-10-23,77234.82,Silver,11,Plant C,36
49,Truck-49,Heavy,Hybrid,Electric,2021-04-17,135291.28,Silver,20,Plant B,24
50,Truck-50,Heavy,Hybrid,Petrol,2025-05-15,132934.81,Red,5,Plant B,24
51,Truck-51,Light,Petrol,Diesel,2020-10-13,124123.09,Silver,18,Plant C,24
52,Truck-52,Heavy,Diesel,Electric,2021-01-09,140392.86,Silver,6,Plant B,48
53,Truck-53,Light,Diesel,Petrol,2025-05-01,62744.55,White,16,Plant A,36
54,Truck-54,Heavy,Hybrid,Diesel,2023-02-11,116693.34,White,22,Plant B,48
55,Truck-55,Light,Diesel,Diesel,2025-08-26,136460.57,Blue,18,Plant A,24
56,Truck-56,Light,Petrol,Petrol,2022-05-07,130223.51,Blue,13,Plant A,48
57,Truck-57,Heavy,Petrol,Diesel,2023-05-05,135859.33,Blue,11,Plant B,36
58,Truck-58,Medium,Diesel,Diesel,2025-06-07,52366.44,Blue,17,Plant B,36
59,Truck-59,Heavy,Petrol,Petrol,2024-08-23,114148.17,Black,22,Plant B,24
60,Truck-60,Heavy,Petrol,Diesel,2023-02-23,108058.97,White,6,Plant A,48
61,Truck-61,Medium,Petrol,Electric,2023-07-10,128642.82,Black,24,Plant C,24
62,Truck-62,Medium,Hybrid,Diesel,2025-04-12,75472.25,Black,5,Plant C,48
63,Truck-63,Light,Hybrid,Electric,2022-08-21,123703.77,Blue,16,Plant B,24
64,Truck-64,Light,Petrol,Electric,2022-10-09,81391.56,Red,14,Plant C,36
65,Truck-65,Light,Petrol,Petrol,2023-05-17,90240.04,White,22,Plant A,24
66,Truck-66,Medium,Hybrid,Petrol,2022-01-25,117731.79,Blue,24,Plant C,36
67,Truck-67,Medium,Hybrid,Diesel,2022-01-06,80387.49,Blue,18,Plant C,48
68,Truck-68,Light,Petrol,Petrol,2022-05-07,94178.6,Blue,21,Plant B,48
69,Truck-69,Heavy,Hybrid,Diesel,2021-08-06,78378.64,Silver,15,Plant A,24
70,Truck-70,Light,Petrol,Diesel,2024-12-08,130656.29,Blue,5,Plant A,24
71,Truck-71,Medium,Hybrid,Diesel,2022-10-01,95541.62,Silver,11,Plant C,48
72,Truck-72,Medium,Petrol,Petrol,2021-07-15,74398.44,Red,8,Plant B,24
73,Truck-73,Heavy,Hybrid,Electric,2024-07-17,96454.99,Silver,12,Plant A,36
74,Truck-74,Heavy,Petrol,Electric,2022-04-29,103113.19,Silver,24,Plant B,36
75,Truck-75,Light,Hybrid,Electric,2022-06-10,92674.08,Silver,19,Plant A,48
76,Truck-76,Medium,Petrol,Petrol,2021-05-04,125177.68,White,21,Plant B,48
77,Truck-77,Heavy,Petrol,Petrol,2021-12-25,57748.34,White,12,Plant B,36
78,Truck-78,Medium,Hybrid,Diesel,2024-08-10,63837.41,Blue,17,Plant C,24
79,Truck-79,Light,Diesel,Diesel,2023-02-12,91486.79,White,22,Plant B,36
80,Truck-80,Heavy,Diesel,Petrol,2020-11-27,88947.68,Silver,5,Plant C,36
81,Truck-81,Medium,Diesel,Petrol,2025-08-08,79861.27,Black,18,Plant C,48
82,Truck-82,Light,Hybrid,Electric,2023-05-15,139781.13,Black,12,Plant B,36
83,Truck-83,Medium,Diesel,Petrol,2022-08-01,83612.95,Black,10,Plant B,24
84,Truck-84,Light,Hybrid,Diesel,2023-04-07,140692.89,Silver,23,Plant C,24
85,Truck-85,Heavy,Hybrid,Petrol,2025-02-12,63569.95,Black,10,Plant A,36
86,Truck-86,Medium,Petrol,Diesel,2023-06-28,95469.93,White,17,Plant B,36
87,Truck-87,Medium,Diesel,Petrol,2024-11-08,51938.33,Silver,6,Plant B,24
88,Truck-88,Light,Diesel,Electric,2024-06-17,54025.81,Red,12,Plant A,24
89,Truck-89,Light,Diesel,Diesel,2020-10-16,62622.1,Red,23,Plant A,36
90,Truck-90,Light,Petrol,Petrol,2023-08-17,66778.91,Silver,8,Plant A,36
91,Truck-91,Heavy,Hybrid,Diesel,2024-02-27,142888.72,Silver,17,Plant B,48
92,Truck-92,Heavy,Diesel,Electric,2021-12-07,119061.44,Blue,8,Plant C,36
93,Truck-93,Light,Hybrid,Diesel,2022-10-21,129622.72,Silver,6,Plant B,48
94,Truck-94,Medium,Hybrid,Petrol,2023-01-08,56895.67,White,5,Plant B,36
95,Truck-95,Heavy,Petrol,Petrol,2023-04-19,113558.51,Black,9,Plant B,24
96,Truck-96,Light,Hybrid,Electric,2024-04-14,77008.24,Silver,20,Plant B,36
97,Truck-97,Light,Hybrid,Petrol,2024-12-17,82230.46,Blue,7,Plant B,36
98,Truck-98,Heavy,Petrol,Electric,2024-04-02,111033.17,Black,15,Plant A,36
99,Truck-99,Medium,Diesel,Petrol,2022-12-24,71211.99,White,15,Plant B,48
100,Truck-100,Light,Petrol,Electric,2021-12-15,51015.11,Blue,7,Plant A,48
101,Truck-101,Medium,Petrol,Electric,2024-10-27,125816.47,Black,25,Plant C,36
102,Truck-102,Medium,Diesel,Diesel,2022-03-07,79423.56,Black,12,Plant B,48
103,Truck-103,Light,Petrol,Petrol,2020-10-09,105347.3,White,18,Plant C,48
104,Truck-104,Medium,Petrol,Electric,2023-08-18,95374.53,White,13,Plant A,24
105,Truck-105,Light,Diesel,Petrol,2022-08-16,61955.47,Silver,10,Plant A,24
106,Truck-106,Light,Petrol,Petrol,2024-07-20,122458.5,Silver,24,Plant B,24
107,Truck-107,Heavy,Petrol,Diesel,2022-11-26,86088.11,White,5,Plant C,48
108,Truck-108,Heavy,Petrol,Diesel,2024-02-29,147429.49,Silver,14,Plant C,24
109,Truck-109,Light,Petrol,Diesel,2022-05-18,137271.97,Silver,14,Plant B,36
110,Truck-110,Medium,Petrol,Diesel,2025-07-12,146549.76,White,20,Plant A,24
111,Truck-111,Medium,Petrol,Diesel,2022-12-27,107702.12,Red,9,Plant A,48
112,Truck-112,Medium,Diesel,Diesel,2024-06-27,61845.16,Black,24,Plant C,48
113,Truck-113,Heavy,Hybrid,Petrol,2023-03-07,95051.45,Black,14,Plant C,36
114,Truck-114,Medium,Hybrid,Electric,2024-09-30,56023.03,Red,11,Plant C,24
115,Truck-115,Medium,Hybrid,Diesel,2025-08-16,65705.71,Blue,22,Plant A,24
116,Truck-116,Heavy,Petrol,Petrol,2022-03-19,118937.11,Black,14,Plant A,24
117,Truck-117,Medium,Hybrid,Petrol,2023-11-17,120298.76,Black,7,Plant C,24
118,Truck-118,Medium,Hybrid,Electric,2021-03-19,116118.3,Blue,18,Plant A,48
119,Truck-119,Heavy,Hybrid,Diesel,2020-12-09,140841.14,Blue,7,Plant A,24
120,Truck-120,Medium,Hybrid,Electric,2020-12-22,132424.03,White,19,Plant A,36
121,Truck-121,Light,Petrol,Electric,2021-12-17,90250.85,White,21,Plant C,36
122,Truck-122,Medium,Diesel,Electric,2021-04-15,53986.08,Black,15,Plant C,36
123,Truck-123,Heavy,Diesel,Diesel,2023-01-03,146191.11,Silver,23,Plant A,48
124,Truck-124,Medium,Hybrid,Diesel,2023-04-09,126310.9,Blue,20,Plant C,48
125,Truck-125,Medium,Petrol,Diesel,2021-04-01,149694.55,Black,25,Plant B,24
126,Truck-126,Medium,Petrol,Petrol,2023-09-17,83330.84,Red,10,Plant B,36
127,Truck-127,Light,Petrol,Petrol,2022-02-25,116258.35,Black,22,Plant A,36
128,Truck-128,Heavy,Petrol,Petrol,2021-07-27,82327.38,Black,21,Plant A,48
129,Truck-129,Light,Petrol,Petrol,2022-09-23,55420.41,Silver,16,Plant C,36
130,Truck-130,Light,Petrol,Diesel,2020-12-05,70355.82,Silver,9,Plant B,36
131,Truck-131,Light,Petrol,Diesel,2023-05-03,52886.94,Silver,12,Plant C,24
132,Truck-132,Medium,Hybrid,Diesel,2022-05-27,105225.14,Red,12,Plant A,36
133,Truck-133,Heavy,Hybrid,Diesel,2024-06-15,99837.55,White,21,Plant C,36
134,Truck-134,Medium,Petrol,Petrol,2023-06-29,74373.09,Silver,9,Plant B,24
135,Truck-135,Light,Hybrid,Electric,2022-01-28,137932.63,Red,13,Plant B,36
136,Truck-136,Light,Petrol,Diesel,2022-01-06,78283.9,White,23,Plant C,48
137,Truck-137,Medium,Diesel,Petrol,2023-07-21,103858.06,White,15,Plant C,48
138,Truck-138,Medium,Petrol,Petrol,2023-10-03,136960.17,Blue,23,Plant B,24
139,Truck-139,Medium,Diesel,Petrol,2021-11-30,124470.52,Black,17,Plant C,48
140,Truck-140,Heavy,Petrol,Diesel,2023-08-31,62624.63,Silver,15,Plant A,36
141,Truck-141,Heavy,Hybrid,Petrol,2025-08-06,51534.76,Blue,18,Plant C,24
142,Truck-142,Heavy,Petrol,Petrol,2020-12-11,83856.12,Black,25,Plant A,36
143,Truck-143,Light,Hybrid,Petrol,2023-10-02,145413.96,Black,22,Plant A,48
144,Truck-144,Heavy,Diesel,Electric,2025-01-24,118439.96,White,12,Plant C,24
145,Truck-145,Medium,Diesel,Electric,2022-09-18,120389.08,Red,19,Plant A,48
146,Truck-146,Medium,Diesel,Diesel,2023-01-16,82437.47,Red,14,Plant B,36
147,Truck-147,Medium,Diesel,Diesel,2022-09-27,103116.63,Silver,10,Plant A,24
148,Truck-148,Heavy,Hybrid,Petrol,2024-05-01,111971.04,Blue,20,Plant C,24
149,Truck-149,Heavy,Petrol,Electric,2022-06-06,75397.73,White,5,Plant B,36
150,Truck-150,Light,Hybrid,Diesel,2022-08-11,57386.19,White,23,Plant B,48
151,Truck-151,Medium,Hybrid,Petrol,2022-02-22,95683.58,White,11,Plant B,36
152,Truck-152,Heavy,Diesel,Petrol,2025-08-20,107192.27,Silver,14,Plant C,36
153,Truck-153,Heavy,Hybrid,Petrol,2024-05-09,77448.04,Silver,6,Plant C,48
154,Truck-154,Medium,Petrol,Diesel,2024-01-01,110706.5,White,12,Plant C,24
155,Truck-155,Light,Petrol,Electric,2020-11-26,125557.73,Blue,25,Plant A,48
156,Truck-156,Light,Diesel,Petrol,2024-08-18,128861.05,Red,23,Plant B,48
157,Truck-157,Heavy,Diesel,Petrol,2020-11-28,82671.91,Black,10,Plant A,24
158,Truck-158,Light,Petrol,Electric,2024-08-12,100179.48,White,10,Plant B,36
159,Truck-159,Medium,Hybrid,Petrol,2023-01-23,130423.25,Black,7,Plant A,24
160,Truck-160,Light,Hybrid,Electric,2021-03-10,147994.22,Silver,16,Plant A,36
161,Truck-161,Heavy,Petrol,Electric,2023-03-24,62358.87,White,13,Plant C,36
162,Truck-162,Light,Petrol,Diesel,2023-09-09,117483.66,Black,5,Plant C,48
163,Truck-163,Medium,Hybrid,Diesel,2022-05-25,114765.24,Black,14,Plant C,36
164,Truck-164,Heavy,Diesel,Diesel,2022-02-01,144626.15,White,20,Plant A,24
165,Truck-165,Heavy,Hybrid,Diesel,2021-08-07,88864.58,White,22,Plant B,48
166,Truck-166,Light,Hybrid,Diesel,2022-07-18,138541.38,Red,20,Plant C,36
167,Truck-167,Medium,Diesel,Electric,2022-03-12,87053.0,Black,19,Plant A,36
168,Truck-168,Heavy,Hybrid,Petrol,2021-02-24,104446.59,White,6,Plant B,36
169,Truck-169,Heavy,Diesel,Petrol,2022-06-02,59167.34,Blue,25,Plant C,48
170,Truck-170,Heavy,Diesel,Petrol,2021-05-19,74356.89,Blue,23,Plant A,24
171,Truck-171,Light,Diesel,Electric,2021-07-23,71595.14,Blue,15,Plant A,48
172,Truck-172,Heavy,Petrol,Diesel,2022-05-30,148752.73,Silver,13,Plant A,24
173,Truck-173,Light,Diesel,Diesel,2025-03-29,51486.03,Blue,23,Plant B,24
174,Truck-174,Heavy,Petrol,Diesel,2022-08-25,62675.85,Black,21,Plant A,48
175,Truck-175,Heavy,Petrol,Petrol,2021-04-27,127801.7,Silver,23,Plant A,36
176,Truck-176,Light,Diesel,Electric,2023-06-29,54336.5,Silver,14,Plant B,48
177,Truck-177,Heavy,Diesel,Petrol,2021-07-06,134729.85,Black,8,Plant B,48
178,Truck-178,Medium,Diesel,Diesel,2023-08-29,82211.18,Blue,7,Plant A,36
179,Truck-179,Light,Hybrid,Electric,2020-12-26,104835.64,White,17,Plant C,48
180,Truck-180,Medium,Petrol,Electric,2021-11-16,110542.68,Red,8,Plant C,48
181,Truck-181,Light,Hybrid,Diesel,2024-06-01,93006.99,Blue,18,Plant B,36
182,Truck-182,Medium,Petrol,Electric,2023-04-15,59508.58,Black,15,Plant C,36
183,Truck-183,Medium,Diesel,Electric,2023-11-23,142298.5,Red,7,Plant A,24
184,Truck-184,Medium,Diesel,Electric,2024-07-20,123879.6,Blue,22,Plant A,48
185,Truck-185,Light,Hybrid,Petrol,2025-04-12,117001.33,Black,16,Plant C,36
186,Truck-186,Light,Diesel,Petrol,2021-08-31,110041.01,White,8,Plant C,48
187,Truck-187,Heavy,Diesel,Electric,2024-11-19,98218.94,Red,16,Plant C,36
188,Truck-188,Heavy,Petrol,Electric,2024-03-01,72615.91,Black,22,Plant C,48
189,Truck-189,Light,Hybrid,Electric,2021-11-17,52625.38,White,5,Plant A,36
190,Truck-190,Light,Petrol,Petrol,2021-09-29,85102.34,Blue,9,Plant C,48
191,Truck-191,Medium,Diesel,Diesel,2024-08-02,124096.91,Red,7,Plant C,48
192,Truck-192,Heavy,Petrol,Petrol,2023-05-20,95364.58,Blue,16,Plant B,48
193,Truck-193,Medium,Hybrid,Electric,2025-09-12,58495.7,Red,9,Plant A,48
194,Truck-194,Heavy,Hybrid,Diesel,2023-09-13,77210.28,Black,20,Plant C,36
195,Truck-195,Medium,Petrol,Diesel,2025-04-30,125494.31,Red,16,Plant B,24
196,Truck-196,Medium,Hybrid,Electric,2024-05-21,109313.43,Silver,14,Plant A,24
197,Truck-197,Medium,Hybrid,Diesel,2022-01-22,50768.71,White,11,Plant A,36
198,Truck-198,Medium,Petrol,Diesel,2024-09-04,50772.99,Black,10,Plant A,36
199,Truck-199,Light,Hybrid,Diesel,2025-05-22,100026.23,White,7,Plant B,48
200,Truck-200,Heavy,Petrol,Diesel,2023-01-25,95975.43,Red,15,Plant C,36
